ID,hl,hl_linker1,hl_linker2,hl_linker3,hl_linker4,lh,lh_linker1,lh_linker2,lh_linker3,lh_linker4,Separate
7tqg,79.49620401854713,76.29040971168436,74.98235767511177,73.82879733414117,78.95385928143713,80.62362596599692,77.50438543247344,74.36041728763041,75.9444168433808,79.1035508982036,84.1316027351312
5awn,75.67367278287463,75.09101501501502,73.1866017699115,75.19939448441248,77.24586666666667,75.50112232415903,71.6424984984985,71.7314808259587,70.14682254196643,72.0843525925926,80.84584517967602
6wos,81.34926927860697,75.74306166056166,73.86234112709833,71.32682205971969,78.87780788919001,79.48771144278606,77.73264652014652,78.80800959232613,77.31614564290068,79.18140620295092,84.61799563532784
3aaz,80.6758853721129,76.7472301654051,76.96082437275984,75.15874335292472,79.11280730897009,81.15900484744796,78.65183067003083,76.70180590019298,79.30417016512735,79.7540891472868,84.57340978763844
5it2,81.79267554479419,77.60884066587397,78.03161799065421,77.50397329376854,80.18231446171899,81.67040254237288,78.47783590963141,79.24908586448598,78.92997032640947,81.1448811968319,85.80210775298697
5ezj,81.7033745103947,75.56656407221071,75.0603663855772,73.9686883308715,80.04865362149533,80.58623681831878,76.59245930748743,79.25957836580402,73.9398375184638,77.23134053738318,85.76746748111249
7wvi,81.19719070609536,76.87669235328985,78.37760337798485,75.14842011834318,81.07980111143608,81.74337658418827,78.16414937759335,78.4302329644729,76.30281065088758,80.21941210880375,86.41197200545479
4nwu,80.00188405797101,78.25852136752138,76.04826610644258,74.80133390216155,78.47223628691982,79.15844927536233,78.01186894586895,78.72561904761903,78.12243742889648,77.87065541490858,83.69926552440002
8ekh,81.70504142766093,78.58979987492182,76.48186617556783,78.00798689138577,80.18022510021584,80.62169853409816,78.69658536585365,77.03819828115408,78.50138264669164,80.17853222325007,85.50099517676512
6p9i,78.14121800801726,74.6802391765062,74.49794528694619,71.52549108491992,75.36033452807645,77.96524514338576,73.65072661217076,74.92310437109724,73.85259897249925,76.16620967741936,82.71361205253729
4r7n,83.18109052247874,81.81952267303103,79.69362543962487,78.33470518165575,82.403776861937,82.55118165249088,80.00973150357996,78.7956652989449,79.4610244192972,82.08208419193404,86.99640265650868
5n2k,82.93354160125587,79.87692449922959,78.13553101361573,79.96508766533374,82.58165349544073,83.300715855573,80.0135439137134,78.7763298033283,78.40742233159027,80.17282674772036,85.70303727040206
4r7d,80.79750237416904,75.48355700528114,77.7968252516011,75.61103255813954,79.79079656862744,79.66816081038303,77.15394532463499,78.06980786825251,77.08299224806203,77.76908394607842,84.89625983588603
6pzg,83.0374855929633,79.46760500446827,79.42084869768804,79.47613440380613,81.23296296296297,82.402635729451,80.52280011915401,80.56803921568627,78.41672613737734,81.88684891240447,87.15429399391022
6mty,82.4859518667078,76.60699485004544,77.22012793811365,76.6204052010886,80.98604303646144,81.82834001851282,79.03059678885187,76.31247545373401,78.77521923193227,80.34222056186492,85.7205699842483
4qhk,81.52800187324384,79.58083052405762,77.90697261510682,76.73637809727745,78.66691354292625,82.01965344989071,79.81628562672388,78.62103219981944,79.61126950137657,81.06489419588875,84.94687350184674
2xa8,82.696292506771,79.52719184156074,79.44525994772002,81.1856358807908,82.5396820303384,82.14653024375565,80.40183860478865,78.79520185884404,79.79576276187667,81.36320595099184,86.08854943587463
2f5a,77.38641310883945,72.8864412285883,77.35123911781776,71.39164799528302,75.45893617021277,77.8161906193626,74.01915829887773,77.04738537434709,72.7386291273585,76.48863305158847,83.90323136555375
6mts,79.68663321167884,74.9262395459976,74.87286384976527,74.46582886106142,78.15495431771294,79.13920316301703,75.9502807646356,74.82237382629108,74.0647137745975,77.43183613321544,82.61571415449379
5i8k,82.12002482929856,79.67820231566118,77.90874925194494,77.05850060827251,80.16149984971445,81.59211359404097,79.8287751371115,79.72184619988032,80.18482968369831,80.00732792305381,85.50861827544466
5wl2,81.58481504702195,80.36912615384614,78.35994259818732,77.68977886977886,81.33225493171473,81.11730407523511,78.74459999999999,76.80074320241692,77.25496621621622,78.80378148710167,85.48465107482573
4x4x,83.60289926289927,81.3802191943128,75.94868421052631,81.34620425029516,78.9239065204847,84.47714987714987,78.33840639810425,76.17708810068649,79.34406729634003,82.78118869013271,83.6263676467246
5ibu,80.72961399276237,76.98362855450236,76.54616705471479,77.50607037256063,80.34525869628763,79.52052774427021,76.97123518957346,77.85744761350408,76.77287699586044,79.1834668225665,84.30803143921963
7mfa,77.50169455430483,74.924120107559,74.97891693572058,74.99698478974052,76.52801297169812,78.6742713720718,74.15044218703316,73.35729674200176,74.74819266328662,77.08372936320754,82.44495995173808
5ggq,81.04876686539065,81.30465660609792,79.14647716964016,81.24204734091607,82.23542831105712,84.21550988390337,80.332623960579,79.70452071363773,80.26334153089456,82.46454738760633,87.03731025228254
7mx8,80.53108365584997,76.834934191284,77.04336590974418,76.36440875912409,78.66786085450346,79.0431229532599,76.47215560105293,77.98022707674617,76.74712408759125,78.82356235565818,84.08964746973803
8ady,82.60257882212969,77.870447106955,78.71355255600228,77.44857351225203,79.66644361119123,82.26309042236764,78.43550847457627,79.027429638139,77.34604142357058,81.94755408133832,85.84531253363738
7kx4,82.85720110361741,81.60647802528598,79.79644293317563,81.65363581730769,80.92058212058211,82.30573574494176,80.30133353401567,79.65584269662921,80.77535456730769,81.82901692901693,86.40125979992459
5v7r,82.89522212148685,81.44740575838527,79.07673665791776,79.25907555555555,81.3477387229057,82.4312783318223,79.18853665776194,80.22118985126859,79.69146074074074,81.80933509080258,86.36572483235697
4nuj,81.16248754761206,79.90382954218255,78.30927540333995,79.36080482897384,80.49867538374075,81.12154409610312,78.48104808522892,78.48096518539485,78.02259269905144,80.14494314951678,85.3867291136458
4zd3,72.55972231191475,69.04033576179917,67.89698476841778,68.68837812203604,73.12405371642723,73.33511139812722,72.2751504592968,70.99085172520982,71.68230793550427,76.29380387257964,80.12955292662839
5itb,80.42890544238372,76.7466646760227,77.62684951598709,73.708,78.14812021213906,81.75293098206141,79.25304568527919,80.61967145790554,79.81769895678093,80.36526222746022,85.04257501960089
6foe,82.27040650406505,76.30990831115055,76.8181836675385,76.53560082669027,78.7401313485114,82.52413730803974,81.39977817213843,80.59448997384482,81.54939769707705,80.98227962638646,85.87355340410068
4lri,81.72439285714286,76.87901461988304,78.55846264367817,76.37271745475773,80.1917922077922,81.30159226190476,78.95636842105264,79.76939080459769,79.04767659077642,79.8892178932179,84.69483655174858
7n3e,81.94627620221948,78.57903753026635,78.65588882282998,78.73827190332327,81.83959988056138,82.12237669543772,78.65463680387408,78.26679548156956,78.37008157099697,80.58616900567334,86.02111184952358
5cgy,81.58237538461537,75.76158912386707,75.4247299703264,76.28159227985525,76.72417883755588,80.4475076923077,77.7808157099698,76.33775074183977,75.17554885404101,80.15563338301044,83.94315929253867
1jpt,84.25028694847269,81.74835807331111,80.61352276108302,80.21478681584519,82.55901075911538,82.60075285405739,81.46684641017873,81.85533769711397,81.29719080737829,82.9442050209205,86.39204308011449
4nry,78.69819228375856,75.47182345754429,73.02544391121775,75.41574999999999,77.26021391985537,76.20475420037336,73.68577580940745,73.99131073785242,74.23152743902439,78.1311358843025,81.64014728459401
4lrn,82.5730796460177,80.38247293447293,78.58653443526171,78.80355479840999,81.3777888888889,81.61190560471977,76.32979487179486,77.61889807162534,76.14169789892107,80.37959444444445,84.78517924023916
5whj,81.66548192771084,79.68521779713753,77.72632864996946,79.19995341614909,80.77145136544954,82.00882371591631,79.8418419415059,79.38842089187537,78.44118633540373,81.55733046946916,86.177288996139
4rir,80.78483429613864,76.80885338907136,76.34695805221473,75.37216393442623,80.30185621685327,81.25858923685011,76.9901194386384,76.89201232032855,75.352,77.5792427813789,82.74845716124594
3dif,80.76893487522823,75.6701494321578,75.98403992953612,75.36852028639619,79.42808905927455,80.9978088861838,79.0660251046025,78.93766294773928,79.16871121718377,81.55373341197286,84.36794257718182
7u0b,80.10306699446835,72.57712432106216,74.45486069946651,70.60800602409638,78.36521583804704,79.22415795943455,76.20421243210622,78.59440723177237,76.23406024096386,77.98476034534087,83.62850645359558
5cip,80.51240331491712,75.69921036769138,74.72600355239787,75.19740373044525,77.59924769550996,79.00219766728056,76.43152802893309,77.70942865600948,76.71530986762936,79.56707998810585,84.31808218003674
7n3h,83.32406933166772,78.41772225628449,78.36979831426851,78.54574051407589,81.40550952524947,81.1048126171143,78.33270386266095,79.40006020469596,78.5058659730722,78.91689749017236,86.40926265951333
4org,78.4701655629139,73.92510348905974,74.86830331202789,74.23494982290437,77.32429238400935,77.11981336544251,74.83044648137196,75.82641196978501,74.4306316410862,78.01285380799533,83.00284980219595
1hkl,81.69328658536585,79.93601497005989,77.29021470588235,77.54446204423192,79.76714327917283,81.9809512195122,79.17545808383234,76.82825294117647,78.94943514644353,80.91969571639588,86.46165924836374
7sn1,80.71465095194924,78.42289106559811,78.07558180227471,78.82198814814814,80.02669009958993,80.65992747053491,77.8924161472247,78.6622717993584,78.1886637037037,80.36431751611012,84.86028256387252
6ztd,74.0084536423841,73.75156493506493,73.97100318471338,73.96867465975373,74.96256960000001,78.23773178807946,72.14705194805194,70.64650318471338,70.36579714841218,73.2687296,81.28357040476556
6lun,84.07105893186004,78.86449668474985,79.63823860272349,81.05746089049339,82.81334225393994,83.3418876611418,80.25075346594333,80.53981053878034,80.26733453670279,82.8452601843592,86.9792453056736
6mh2,83.02196711138691,79.63765153822723,79.55210290158541,79.48477044694437,82.05529146634616,82.82988830282345,80.95618641486445,80.1029943164822,80.94670112496198,81.91098557692308,86.60213717373665
1hzh,79.04323202805377,76.98793183131139,72.97777650866172,75.02147528370841,77.90296105383733,77.40053380089616,74.79630464086269,72.45563868265754,71.27438545874206,75.46750286368844,83.21103582889884
5ur8,80.39155187703221,77.48660180075515,78.0,77.95892432589157,78.88794724770644,80.18634939402898,79.35294801045599,79.59671995432485,79.76977094810088,80.36766915137615,84.35584830474392
8ae3,82.60257882212969,77.870447106955,78.71355255600228,77.44857351225203,79.66644361119123,82.26309042236764,78.43550847457627,79.027429638139,77.34604142357058,81.94755408133832,85.84531253363738
6wgj,77.90426234765876,67.79031151667715,67.93935145151328,66.2573209798995,77.73070741545145,79.86354393842207,75.93244808055381,75.86356701667695,75.0772864321608,78.70255352156376,84.18275148225233
1za6,80.96357159933062,77.06066462408674,77.46684871020219,77.18815015297717,79.5893656716418,80.63153478364809,78.46080367664389,78.65266790611201,78.409764650506,79.03006996268657,85.2395693593283
1fve,83.07565138721351,81.53829680094788,79.69126309662398,79.60367238320521,81.44776381175095,83.37414053075995,81.51157879146919,81.85067229336438,81.47681549379067,81.48656240865245,86.91012655612226
6fg2,79.92776215224701,77.56422395676974,78.18917428487171,77.56720407551694,79.67818127962086,80.94349740140629,77.9818462924047,78.65185196107343,76.8226370991909,79.77208530805687,84.65099420821966
4qhl,81.08192414431082,78.7617680896155,77.35159381504609,75.983245693563,79.09150537634409,81.38799568300956,79.07913412049652,77.22899791852512,78.92113629495316,79.72964755077658,83.64925091266926
4hkb,72.87861471861473,66.41307215148547,66.71520653218059,67.17161942000652,71.4556241956242,72.94738594738595,70.46096963761019,68.57062119756644,66.23074291300098,73.08236164736164,77.8671307715294
2pr4,81.6185255429795,78.75538299789729,78.54256417822367,78.00678860569715,79.14757854179014,79.90141327623127,77.71036948032443,78.44632044850987,77.2232023988006,80.06890041493776,85.35359388100841
6w4w,83.19568651275819,81.56067422434367,77.58621043376318,81.45689994044075,82.00871357079775,82.66066221142164,79.87198687350836,79.34652989449003,79.86146813579514,81.22193111569032,86.37905239744634
7n6p,80.2424559306842,79.52438802465512,76.49813960196134,78.71119835921479,79.4678852838934,80.08377950403346,78.3798972703258,76.97376694548602,77.69112217990039,80.24098783314021,85.4376602244113
4fql,82.40662267546492,78.6300559811432,79.61288940359005,78.64779999999999,80.1021198022681,82.3492801439712,81.07228344136712,81.33129125651419,81.64286470588235,82.15220994475136,86.03578076275213
6q19,78.79804045893721,76.02413107947805,75.42117132867132,75.8646625222025,76.44758560140475,79.39081219806764,76.23948991696322,77.36050990675992,76.13978685612788,78.04582382206614,83.01183631126509
7jxd,82.4940446346683,80.19547283098169,78.85038631672074,79.99509739286785,82.4799289099526,83.15848975848365,80.97680276193334,77.78593040401063,80.12454899610428,81.1320497630332,85.76677740589813
6and,83.93914233015678,79.15679444612132,80.20447969166915,79.13389575173245,82.16009231685528,82.77347679065478,79.74020223362513,81.10456863326417,79.84263332329013,81.3395205479452,86.75700867156914
3u6r,79.58401993355481,77.1193783494105,75.60614226375908,78.48537927350428,77.26766614338044,79.06032668881505,77.97911039657019,75.6438888888889,77.89853632478632,78.52958137100994,83.27850184598012
1u6a,83.38161867232493,78.71367668949091,79.61431120210588,78.65122734026745,81.96773501762631,81.74472870566838,79.23631140220304,80.15659842059083,79.79341456166418,81.05967685076381,86.44922272513432
5jqd,82.2037363664693,79.97660140715816,76.01281165515171,79.90063511450381,80.87759806879903,81.02119351822998,77.49537779137351,77.696548513067,77.1409465648855,79.337757996379,85.38856088068304
7uce,80.91039588528677,78.91583537331702,76.96267427884617,74.73722052535125,79.00898581346212,80.43627182044888,78.66903916768666,77.14039963942308,78.56150885766647,79.47332327195895,85.19135961550688
2fb4,80.76346827794562,78.44002670623146,77.46497667638484,76.39504739336493,77.9854260614934,80.14404531722056,76.8159465875371,78.94411370262392,76.55130627962085,78.68647144948756,84.35923527169422
7fab,81.47534109279016,78.44493181097367,76.9214005602241,79.40560937005381,79.22611944965604,81.44235370190754,76.7922993973993,76.48986305633365,77.47555238999684,79.33818949343339,85.22244987474437
7t98,81.98727217496962,80.44501491646778,78.15377784290739,80.55827873734364,80.88285840447452,81.90427399756986,79.54144988066825,78.54954279015242,79.19591423466349,81.2102914336179,86.05853537538407
6oed,82.78203919167177,78.17343656043296,78.47500295333727,78.43714285714286,78.11992287155147,81.79396509491733,78.47475045099219,78.97903425871235,78.59844837935174,80.703159299911,86.50815193978448
6anp,80.6202781211372,75.59504550970874,76.84110250297974,72.5947365233192,77.27645016462137,80.73692521631644,79.98655643203884,79.33081346841477,80.55053301029679,78.56332235857529,84.41215978614301
6j9o,82.31027218290691,80.4869741697417,78.2327695452223,81.0211245401997,81.3456745623069,81.01171475231357,77.34870848708488,77.56493612672459,77.5642091434577,80.55276519052524,85.20031045333269
4nyl,74.33196159122085,72.37895861148199,71.77534026874729,71.47094096759875,75.01466841186736,68.92704160951075,70.26993769470404,69.91856523623754,69.81362627607635,72.15851657940664,77.20492063586568
7lk9,83.22288634252091,81.56701733049559,79.58241266049568,80.08983915022762,80.84081283743252,82.34473521214,79.40536029188203,80.42812182741118,79.58159635811836,81.72659568086382,86.9053422155367
8gv4,81.19719070609536,76.87669235328985,78.37760337798485,75.14842011834318,81.07980111143608,81.74337658418827,78.16414937759335,78.4302329644729,76.30281065088758,80.21941210880375,86.41197200545479
3piq,82.22677086589559,78.05144216017183,78.27168725519735,77.90681470137825,80.73910714285715,82.46703657392936,78.13120895980362,78.16131666164507,78.82618376722819,80.51342312348667,84.81440557740078
6xrj,81.63663281009542,80.32145965548504,77.3746660730187,78.15052187028657,80.64362552176506,81.84906124961526,78.89269870051376,78.22531018106264,76.74234690799396,80.23994036970781,85.61851944560613
6nov,82.25784675953969,80.23950922070196,77.54485096434833,78.73029394299287,81.33466686234223,81.75074197456088,78.99936049970255,78.00983635300993,78.81952790973872,80.53843263868507,85.74371328626141
7bm5,77.30707578806171,74.51090401051938,69.56867182462928,71.52740813648295,75.41961127308066,77.84686452045607,72.20872781065088,70.36606382978724,72.32525262467192,72.40907353417558,80.67392832312039
1dfb,81.6961276849642,80.11138628370459,78.83839861751152,77.15159449970744,80.35369684697714,81.00233591885441,81.0527080890973,81.00909850230414,81.64448215330601,81.69635232860863,85.4306205724728
7mf8,75.69673288508558,73.75086734693878,74.31434846698114,73.45319352905932,75.92018063369855,79.5944315403423,76.00986494597839,75.20259433962264,74.99183942480528,78.23955285756588,83.24455746190776
7l77,80.7027288941736,77.56310747663552,77.09789609644088,77.37794169096209,79.54255405015854,80.87256242568372,77.07969042056074,76.83032433983927,75.96476093294461,79.02056212164888,85.11809009868793
6azx,80.76562595653505,75.85750225428313,74.88215529967522,75.20865286528652,79.46951660735468,83.02630241812062,78.17196874060716,76.41545910835548,77.7323402340234,80.62993772241994,84.65228002776016
7dun,82.98406116207951,79.48934234234234,79.15984955752212,79.65403776978417,81.8524237037037,82.15352599388379,80.26030030030032,79.9668849557522,79.16991306954436,81.15283259259257,86.6207913634886
7nfa,84.6469894146949,79.69813875305623,79.88195678271309,79.68670835875535,82.42361471208923,82.93445828144458,80.0149358190709,80.96056422569026,80.06233984136668,81.43308411214953,86.67035737561449
7mfb,79.00988045427376,74.13994715208455,75.6557357184074,76.4139449003517,77.90532019704433,80.7152510460251,77.82711098062244,75.64709174841315,77.66017291910903,79.22614314691393,84.060258389839
5f6i,80.06270210057289,77.15136477201749,76.51759043531575,76.36469763092269,77.17695411148752,80.20687460216422,76.08137414116177,77.53516247700797,75.83092269326683,78.44768401601479,83.35008147607905
3qeg,79.17796381478074,75.28696778078891,74.90374149659864,75.10994589720468,77.63015745692216,77.76272002453234,75.58464619090635,76.7167406092872,76.15864141869552,76.54345811051692,82.83511284243548
4ocs,78.41916641588926,74.72327519952705,75.42981121115307,75.00085570964886,78.50923862310387,78.43944327414987,74.10672775642921,75.02008713331398,75.64653290056064,76.13632147024504,81.64480761271078
7n3f,81.94777097366811,79.36457606734817,77.69156526875369,77.91042617046818,78.85998813408484,81.13006123698713,77.90694828622972,78.09633195510928,78.05033613445377,79.77719074458616,85.60053656418077
4yhl,83.29854872563718,81.44848011782034,78.27469175108537,81.14511320199941,82.04777325581396,82.55809295352323,80.15318114874817,80.24858755426918,79.47013525433695,80.60467732558139,87.13171473693828
6w5d,80.2109978308026,77.31837846060237,76.78083955781297,77.66028545399332,77.3908343337335,79.49998450573288,76.63936111956191,76.43415297281148,75.95187670816884,77.7569537815126,84.7160415243394
1rzi,83.01630475594493,81.5691246928747,79.7562876960193,81.50641017780504,82.233826113299,82.30146745932416,79.76731572481573,80.23749095295537,79.9059840588596,80.84993335352924,87.17818701040297
4gsd,80.6743911554033,79.28191378783247,79.0492945061543,76.51231919438511,79.84481001206274,80.93110868888196,78.25372057474779,77.29106274392073,74.9933414708575,78.906369119421,84.81047078738837
6l8t,81.6427963073258,76.2086717378584,77.06623059229442,74.48261390186916,78.9199768986428,81.53601548540796,80.51413399648918,80.42347613571017,80.51300525700934,81.67130811435172,85.83442847336408
7vsu,82.7082593037215,79.81482900943396,79.57820393974507,79.17003237198352,80.5839423916206,81.89338535414166,79.6418012971698,79.56768250289687,79.1937904649794,80.99541751527495,86.5615823836028
4x7s,82.66045997610513,79.34212441314554,79.48767012687428,79.02492384299943,81.92768027801912,82.70676821983274,80.82881455399063,79.01034890426759,80.15228471001758,81.25739067477556,86.53531485136645
8adz,82.60257882212969,77.870447106955,78.71355255600228,77.44857351225203,79.66644361119123,82.26309042236764,78.43550847457627,79.027429638139,77.34604142357058,81.94755408133832,85.84531253363738
6q1j,79.42831716191631,76.58696843359142,76.35202457577532,76.424435196195,78.23376432559506,80.94668587022437,77.02282013103037,78.10415155061439,76.64842449464922,78.19425800764033,83.85958474944377
4hh9,81.18093555093554,76.00599649839509,77.72996558646402,77.89653073113894,79.2408064516129,80.01074844074844,78.19678435949811,78.81999426441067,79.02288668802797,79.0540034562212,84.28507323251043
1rhh,80.45698845128813,76.24183881291823,76.29573920503289,75.82626198083068,77.29031016657093,79.21139769025763,77.36194355542625,77.28473548756075,77.78223351728144,77.86980758184953,83.94794427474486
5ihz,83.09423701815865,78.71065332916537,77.14291807302854,79.06017472698909,81.60420160295932,84.13995539980885,80.45579243513599,78.47740104326482,80.35772230889235,82.39233045622687,85.89100651581262
1fgv,85.25058419243986,83.7531838316722,80.45558949624866,84.21764900662252,83.89729875742842,85.06349369988544,82.94215946843853,81.55636120042871,83.38278145695362,83.1610750945435,87.46672224095775
5y2k,81.78485696517413,77.26277777777777,77.71801558752998,77.391197440585,80.32550436615477,81.70918843283582,78.49960927960927,77.05185251798561,78.38075563680682,79.67652213188798,83.78530421994112
3kym,83.28308810172571,79.74650609574785,79.31186386210926,79.80208964084298,82.25903462441316,82.86570996064182,79.25338090990188,80.46170026292727,80.46490056396557,82.10693368544601,86.76199995416746
8ek6,80.0991504854369,77.4890137067938,75.15736533957845,75.60501189767994,78.98236401058513,79.22313410194175,77.5802651966627,75.8606206088993,77.06340868530636,76.92998823875331,83.64225707154986
5u15,68.71490151017728,65.48988087572441,65.89021162349968,65.71500642673521,67.4358584576325,71.88325344714379,67.58340952994205,66.55031901452938,68.07640745501286,70.79270707711838,77.66471754566872
5weq,83.8751636586112,79.32752778612195,80.10005016228976,79.0520059970015,82.62747480735032,82.02483328234933,79.24028837488734,78.8702183534966,79.70027286356823,79.96377000592769,86.5100004435561
6ugs,79.99982758620689,78.91344325609032,75.94944249854058,74.54724792408066,78.2255057167986,81.50818814277073,78.73274806892454,78.86142440163455,79.003081257414,78.87103488712987,84.79274395374311
8ae0,82.60257882212969,77.870447106955,78.71355255600228,77.44857351225203,79.66644361119123,82.26309042236764,78.43550847457627,79.027429638139,77.34604142357058,81.94755408133832,85.84531253363738
2d7t,85.64413218390806,83.32772222222223,78.76839784946236,83.95843300110742,84.50189159891599,85.05572988505747,80.29098888888889,79.40284946236558,81.24452934662237,84.27934417344174,88.87499414430806
7nc0,83.63284916201117,79.34692565508836,79.59770197486536,79.30588199513383,81.5733784189961,82.32476101800124,80.15974710542352,81.32865050867743,80.4427493917275,82.67716862037871,86.21920672476479
6elj,83.38785131459656,78.09024933214603,79.31572470107903,78.13958518518518,81.63173696543643,82.31528558476882,79.07651528643515,80.36128025663459,79.51150814814814,81.67759812536616,86.17990875761737
5u3p,81.5814445096888,79.34725908828621,77.77982132728305,79.41830069124423,80.39571632013673,80.36511743981208,77.89402769763414,77.29477878615995,76.36484447004608,79.78648248362289,85.03026206219394
5ggu,81.80933333333333,79.22048214285715,78.64274269005848,79.45722222222223,81.38268722466962,81.6177303030303,78.57073511904761,79.44842105263157,77.1960338680927,79.79066666666665,85.16823369927553
1fh5,77.05540703199239,70.9474013055642,71.42721086359475,70.17369221222464,75.68367259350092,78.47893886601204,73.06896176562014,76.51587732682331,72.42837418554141,74.60705395462907,85.09731630415025
5drw,78.63438842482101,74.81021688159439,76.49298675115207,73.61039789350498,75.73414231993057,77.42652147971361,74.83989449003516,76.24805587557604,73.79593914569924,76.96637547006075,82.75057581999971
7lsi,83.32941738299904,79.3441830677913,78.80597362772154,79.46936077330838,80.77395871842268,83.07205666985037,79.71957825679475,77.95600735970561,79.48397879638291,79.77992914356132,85.7284993496763
7aj6,79.20718972454348,74.03496505621392,76.04992837958818,72.65599939338793,78.5910551558753,78.65062828845558,76.34561835308416,76.1152551477171,76.4070094024871,78.27908872901678,83.1193910561133
6oc7,82.30302843016068,80.37946298543689,78.56459475566152,79.28682010902484,80.63673750374139,82.08775339925835,78.7648240291262,79.24347437425506,77.89542095699576,79.9249476204729,85.47785104446439
5chn,82.63933292720074,77.78518994914747,78.17569497502204,76.95315019408778,80.46564935064934,80.68602497715503,78.14755010469638,78.45340875697914,78.95164228127798,80.16697756788665,84.84487172220655
7ugm,81.57745688303542,79.89799630655587,78.29978543366576,79.24164362519201,79.75751973284761,81.30402320476638,79.24477685441673,78.27643094590512,79.0588233486943,80.29094110503947,85.24783725298316
5wuv,83.44762613981761,81.51046865671643,80.12529618768329,79.93208283671038,81.83124005891015,82.95555927051673,80.8513880597015,81.33031671554252,79.63366507747318,81.98025331369661,87.05302275971735
1wt5,84.59470119521913,83.72523940561365,75.150873734683,83.74851892484914,83.77053168635874,85.55980648833238,79.86914144193724,73.42662226957913,71.48970927043335,83.49627819548873,87.73599699544324
6qbc,77.77339659054358,75.70380561691385,76.34965933725611,75.98222992125984,76.45280336029869,80.28371180443872,75.70345850426003,76.55805822235986,77.1352,78.38305538270069,81.78944417009546
7s8g,81.33672558139536,78.66028310502283,77.0742720478326,78.67415375265877,80.80825525525525,81.09665426356588,78.26739421613395,78.15758445440956,78.22825888787602,81.24217417417418,85.42231173554826
3eyo,81.08488738043813,77.71744622841562,76.10502231478726,77.9575536740248,80.04393006575015,81.14148719531009,77.16917600727052,75.59962511157394,77.5698850922286,80.32594142259414,85.8556724854638
6be2,79.48374806561436,74.89563050744454,75.86181139958221,75.15447983014862,77.38788069544364,81.5548622717425,76.42517168034031,78.30353028946583,75.9829542007886,79.25631594724221,84.16530337311167
7m1c,83.59575635461871,82.16812233718808,80.00953377166768,82.0132715674362,82.8303002101471,83.59467761934283,81.10118381010346,79.01162582187688,81.21300121506681,82.97018312818973,87.56761192136676
5fha,83.15511845386534,79.0240758873929,79.37510516826923,79.32257177764203,81.55986115303351,82.21322007481297,79.4807864137087,79.90036057692308,79.62660659743433,80.49193480229398,85.87268152180461
1igm,85.15255687973998,79.46132738719831,78.70836724313327,77.99369769874478,78.9670630445925,82.76228060671721,75.68451206715635,76.71475076297051,73.84812238493724,78.16072270630447,87.18718114202325
4lkc,81.97945443645082,80.14205241460543,78.01705439814816,80.22447677836568,80.46968904388258,81.42127697841727,79.50194346289751,79.27327835648148,77.54524691358026,80.0142545771578,85.66203165908082
4uv4,79.23408181283109,74.96647484094852,76.47603752131893,73.4962702078522,77.73795603768198,77.98505591524426,75.0733892423366,76.64372654917567,73.6492811778291,76.93011704253497,82.41539906955853
5wca,78.71400428265525,77.72350856112946,76.23059309530836,75.94623688155923,78.13606994665085,78.61684613031507,77.07914989486332,75.35062555326054,76.33847676161919,77.85373443983403,83.16804905009529
6meg,82.32541563275434,78.85967113276492,76.92825059808612,77.35100303951367,80.5042114749174,82.06474565756824,79.65780755176614,74.81890550239235,78.41860486322189,80.78506758786422,85.80170074461057
6obz,82.14881355932201,81.03184304399524,78.33693925233645,80.97147181008901,81.15774420651218,82.00764527845035,80.18865636147444,79.10147196261684,79.72485163204747,80.95053681431504,86.15889824291664
6ani,83.33071206467662,78.02934065934066,78.07147781774579,78.06065204143815,81.41070460704607,81.76069029850747,79.15171855921857,78.97744004796162,78.88574040219379,79.9783830171635,86.47112568069306
3eyq,82.04572364316905,79.15603796693202,77.0849879735418,79.09625611246945,81.53029296285112,82.3772988147224,79.02891304347825,76.00796452194828,79.03091687041564,80.8393566898218,86.00142322954824
7u5g,81.44369879518071,78.73701183431953,77.20501453488372,78.38765505020673,79.95473284671533,81.3336626506024,79.78586982248521,80.46402325581396,79.17279976373301,80.56494890510949,85.15019155699665
4fqq,78.60467230443975,74.60673094037377,75.41870591664238,74.00325436778205,78.29797423887588,79.56430987617034,73.21118955799466,73.18836782279219,72.70912940479717,75.41920960187353,82.33253103947422
6vi2,79.8352001185888,77.46829303815903,78.13204408817634,76.44640593195696,76.89974698102358,80.7186125111177,77.00586076318089,78.5557572287432,77.37145972666471,80.30372915468661,84.54116741623645
4qhm,80.13522118380062,78.53732415902141,76.77457657657658,78.88388888888889,78.33620814479637,80.42002180685358,76.8681865443425,76.13185585585585,77.01087606837606,78.0954992458522,83.5437078300902
5uix,81.59441438763376,77.88870327102804,78.2031343283582,78.33835860058309,79.3884894782358,79.76286860879905,77.85264018691589,78.41547646383468,78.46415743440234,80.09182185067743,84.55227880501224
4g6k,83.77300212701307,81.8870426738287,79.42790384051597,81.6949419124218,82.24403415783274,82.23413248252811,80.22591465234258,79.64109938434476,80.29345248733989,81.032105418139,87.22978611405132
4nhg,80.73793039154755,79.36381940207443,76.79799580587178,79.32729293544459,80.36052964188987,81.05771286513362,78.09237339841367,76.5202546434991,77.31645554202193,79.33353596148059,84.82949996909764
5iie,82.21962229102168,77.34794832826748,76.51433731343283,77.3982797330097,79.7676611694153,82.75568421052631,77.01431914893617,77.95186268656717,77.95999696601942,80.60895352323837,85.44793810912438
5cd3,81.18442757364106,79.06146734267818,74.20475241722825,77.4978386424531,79.92371689228958,81.74216519890676,78.21093050999106,75.10057427483153,77.49334623399822,79.51829017068864,85.26274256663726
7mf7,77.20059484066768,74.63318926974665,73.97968960468522,74.60087771496578,76.16412352941177,78.74552655538695,75.01304023845006,75.17243045387994,75.18752157096102,77.2423382352941,82.29012302532806
7k8p,81.84438226299694,78.81367867867867,77.95641887905605,79.43350119904076,81.16790518518518,81.48463302752293,77.94244744744745,78.334005899705,77.73996402877698,80.22114962962964,84.93356989163647
2hff,84.30378462496111,79.55640085548427,80.18337533753376,79.88210430009148,83.19968655816757,83.1348957360722,81.42325695080966,78.90469846984698,80.89722171393717,82.0591742013261,87.49237892480951
7t97,83.21393607305937,81.44616143497757,79.95483406754774,81.32510593852581,81.97317109144542,83.51907458143076,80.7947563527653,80.61582966226139,80.6508116980006,82.69536283185842,87.2310152502063
6okq,80.36810786650774,79.28718091334895,76.33977272727275,79.19530976037404,79.92005489742847,79.89548867699642,77.78962822014051,75.68596662830839,77.69286966686148,78.24251661369547,84.52677836977229
6mee,80.02899293828676,75.78890262285198,75.28336689369263,76.5969365031598,79.06910172516359,79.0858090267117,75.9199427193247,78.15841871483565,77.33405958471262,79.32016061867935,84.1200593433372
3f12,79.00193116634799,75.74774233896186,73.72763044812768,73.13848626716604,79.86964230650632,80.70595920968769,78.24175422138836,75.92146715776549,78.07737827715357,80.73967930928153,84.3562987868383
5f7e,83.72501985945615,81.99809480948096,78.92256704980844,79.87644803833481,82.04520130254589,83.20507485487319,80.84326432643263,80.18784556439728,81.1207097933513,81.52508880994671,87.5917408230537
7jxe,80.31402819436111,78.27521803182086,77.10630573248407,79.29589411764707,77.5502878743821,78.86130173965206,77.82341190335886,78.01864215402432,77.86862058823529,78.06334108752543,83.21893852989079
1vge,82.10225271411338,80.29445793838862,78.4487805587893,78.09196333530456,80.78229465068692,82.16002412545235,80.62580568720378,79.06917054714786,80.47416617386162,80.64774042677581,85.78810785103894
5y9k,78.68514033427941,71.28845868152276,70.4375934366454,69.65194624652456,78.19902625152625,78.52465468306528,74.7886010523058,74.61601033120631,74.73083719493357,76.92876984126985,83.9399404766641
5gs1,85.47288732394365,83.16839569160997,81.14923793859649,83.20570621468926,84.07280818131564,85.37530516431924,83.70124149659864,80.7233826754386,83.37449717514126,85.88822001105584,89.05414508993051
5ifh,75.29575644504749,73.27470079787234,72.68483050847458,70.5068115461181,75.45190304618409,68.99063093622796,68.17625332446808,69.73208930899608,67.17602853351028,72.27071077628563,77.78005197700828
7u0c,76.8056551724138,77.90679692307693,77.34360422960725,78.48041769041768,78.77394537177541,79.10068965517242,76.56664307692307,77.26159818731118,76.03617321867321,78.80274658573597,84.20076530289214
3qhz,79.05253928346951,75.63820789636027,75.94063597819503,75.25094827586207,77.43268329783997,78.20521998742929,75.47240283775447,74.16003634161115,74.76712130541871,76.94727106784302,83.3403340328496
4fze,80.2865098161421,77.68419700214133,74.99391709221989,77.88897709923666,77.66363910681955,79.86006855718293,77.2281921076782,75.92926103935116,77.32207328244276,77.01642426071213,84.40176828225343
3u4b,81.97079562259687,75.80189189189188,76.29951156812338,75.98293878735132,78.73203671830179,79.8130464359657,75.82751525719267,76.26844044558699,75.90319698288367,78.38919965576592,83.81044667666387
4ut7,73.34838609237156,73.83768495218922,73.60544211040548,74.1523883592574,74.45235728346456,76.06116242864556,72.93179164569703,73.53478260869566,73.3055845459107,72.96820866141734,81.72215994484432
4hqq,82.17883972772277,77.94644592952612,77.65533412887828,77.98869314736204,81.14492058735391,83.18866027227723,80.35675577156744,78.5544093078759,77.81987871437235,81.1494366197183,84.50869527086337
8ae2,82.60257882212969,77.870447106955,78.71355255600228,77.44857351225203,79.66644361119123,82.26309042236764,78.43550847457627,79.027429638139,77.34604142357058,81.94755408133832,85.84531253363738
6wgk,79.8691570648878,75.89016974389517,76.49150672908132,71.43718192627824,79.19262709374082,80.19634930260764,78.66836212030971,78.78612346401405,77.63336801426874,80.36579488686455,84.12669079012937
5ubz,81.00356328919003,77.16179014212277,75.90080487080488,77.52542408693027,78.38817720763723,80.1403664921466,77.74579679467796,77.04442233442234,76.13051313009358,77.88695405727924,84.54523255098553
5grv,84.6141690793283,77.9382092893117,80.09103952355171,81.50503625209147,82.41018013100437,84.4408801389693,83.10672635702296,79.95897130481862,82.53591745677636,84.72711790393012,88.19493536144222
1fvd,83.00190706095353,81.49513930053348,79.68963890506697,78.74644970414201,81.43037437847325,83.40629752564875,81.80662714878483,81.9321025043681,81.76752366863904,82.42295992980405,86.86450763568975
6u8c,79.94540904716074,76.95558073654391,77.14249922767993,76.77497329563305,79.61801365611421,80.61960538979788,76.15939250865596,76.9956811862836,77.61017907634307,79.15345127250154,84.56321485483883
4dn3,82.72492839352428,76.95932762836185,77.42359243697479,76.77654667480171,79.47887247512813,80.97326587795766,77.39929400977995,78.4658943577431,77.64165954850519,79.54591196864637,85.94243160669704
4hk3,80.16938157081013,76.08949301760777,74.63026833631484,76.13013333333333,77.42863731656185,80.50039579468151,77.49204614450515,76.66355396541444,77.66988787878788,79.77321353698713,84.18009547739463
1qlr,81.11213801601971,77.01720205686631,78.4943998811646,77.38891908212561,79.57746642793195,80.05969500924215,79.31124924379915,79.93552881758764,79.46128925120775,80.66849895553567,85.21236392442549
1jv5,85.68815880322211,77.40422135706339,76.4183638320775,81.82648558758314,81.72837221920783,85.54910241657078,80.13186874304782,75.5805113024758,81.16384146341464,81.7827509495388,87.1996341636576
1fvc,85.83823496027243,84.50191547749726,81.19378320935176,84.9533807439825,85.3142099625067,86.09044835414302,81.90543358946213,81.4637725823592,82.4115043763676,84.07846813069095,88.80571729254527
4hie,81.2920112781955,76.84537822878228,78.88888586956521,79.38018723143033,80.67145283591142,82.26198934837093,77.27172201722017,79.38958937198068,78.3032044198895,80.80696390658174,85.41790466257743
5od8,81.82071385722855,77.70048615203301,78.0916184134337,77.8464911764706,78.9530910148299,80.65546190761846,78.64176487919859,79.16722061378113,78.82569411764706,79.56515266065716,84.92008163716488
5xrq,80.23547204399634,76.70063306330634,77.0086236368995,76.81966756513926,79.81184132622855,79.46640696608617,77.00316831683168,76.87194518125553,77.3587601078167,78.51910005920664,83.32906543710246
4ky1,84.55365103532276,82.19602272727273,80.15016157461811,79.47503880597014,83.29523163174979,83.36781059683314,80.74646232057415,81.11709165687425,80.51407761194031,82.29501032753025,88.04002670461689
3eo9,82.44980434118008,78.44975983188232,79.7073724565025,78.22291279592447,82.26307464454976,81.72862121675331,78.36983488441909,80.12761722205839,78.36222655079412,81.20918542654027,85.74130416024884
5u4r,80.87275567344533,79.26042282073558,76.74692285795616,79.24173460537729,79.09694682675814,81.07286177424108,79.09163915435853,79.05677198975235,79.31663486556808,80.35828187535735,84.75838497999395
6ele,83.06831164901665,77.95554531946507,79.36272408759125,78.02328685849896,81.57268328445747,82.8873767019667,79.29181872213967,80.2582102189781,79.47459507564521,80.60892375366569,86.19602777932408
4odh,83.0455600624025,80.17346707503829,78.75935939849624,79.3121339040049,79.55327190332326,82.19339469578783,78.74531087289434,79.29924812030075,78.81178844390095,80.9603746223565,85.70343420052617
6e65,81.31067641681902,79.03428785158589,78.45196649029981,77.67672341696536,80.78974608798346,81.92288543570994,79.45601137043685,77.08226631393298,77.16000597371566,79.14330676114555,84.25021825556001
5i19,84.09525589947899,82.60772795666566,80.56535619272834,82.69117753079003,82.08731888361044,83.56682500766168,81.36102317183268,82.07573751108482,81.7430309402223,83.0246971496437,87.66280907021215
7vsw,82.80495288574794,79.07067997685186,77.9586803185438,78.23265742345464,80.97380748357612,82.7436160188457,79.49142650462963,79.64618600682594,79.42020797227036,81.43063410454157,86.57855240029158
7myt,79.06026402640263,76.5809549071618,76.0190645815233,73.94715210355987,76.1913408958697,78.65663966396639,75.9461597406425,75.17419635099913,74.23791409238011,75.26289994182665,82.47498803019198
6umi,79.37571773949834,77.21235381418818,75.16953339165939,76.43350222222223,76.56449912126538,79.26840435176791,74.83791035915702,76.14297462817149,74.99928296296297,77.43747803163444,82.36119707948518
6q1e,78.62949893713939,75.85635848493887,75.89415763258131,76.10625781482584,78.3576633313714,79.30465532948679,77.34268416343573,76.05783767946089,75.88194700803811,78.1206415538552,83.42342707422966
3nfs,83.01549828178693,80.28784728610856,79.46401686239085,79.87782675237221,82.33530852994556,82.86505154639175,79.97262802821221,80.72976513098465,81.00847872666053,81.87921960072596,86.6098061928934
4yhn,83.34944411237298,81.52873458602465,78.672743796884,81.40750879249708,82.06941466241669,82.63654811715482,80.42774515560775,80.34477495672245,79.84273739742088,81.0073630831643,87.071632185633
1dn0,81.44079817905917,77.48726378539494,78.76096632503659,77.58260339184766,78.40750588235295,79.445062215478,78.68976453055143,80.41490775988287,78.98076762868193,80.3673794117647,84.0490661311799
6w7y,82.4058393939394,79.31830654761904,79.66769298245615,79.19345513963161,82.17342731277533,81.86297575757575,79.24218452380953,80.44639473684212,79.57639631610219,81.71742731277531,87.08719771947415
4g5z,83.46061411549039,81.8661296129613,80.15701738874154,81.52725067385444,82.2919745411486,82.35668499847236,80.5932913291329,80.401877394636,80.29148846960167,81.5711456483126,87.08418587822004
5tjd,82.1591640866873,79.93401215805471,78.14428358208956,80.11808859223301,80.09342428785608,80.32695975232198,78.72274468085106,78.68745970149253,78.03642597087378,79.83919640179909,84.87305342094902
6wor,82.14260694358339,77.96460133901401,76.5523640167364,77.96714763061969,80.6870669468628,81.5571667699938,77.67799147900183,78.0405977286312,77.27212940461726,79.68711197838488,85.51425274321423
5uxq,71.0695442670537,68.50205135520685,66.21916409537167,68.7153859299345,70.9959690140845,72.83068214804064,71.57060199714694,69.50502384291725,72.03859299344916,71.81374366197183,78.01001018513631
1mco,78.42882664493789,78.48663715033206,77.49556373036388,78.57671959798996,78.55046071001196,79.16644734161743,76.73058160595693,75.47979319944324,76.33937085427135,76.94770841643398,82.83222879941619
5jo5,81.9702372881356,79.16456278366111,79.09436552748885,79.09219873150106,79.93830746268657,82.30517719568569,77.58267473524963,78.9204041604755,77.53268800966475,79.43768656716418,85.97677376231641
4jm4,79.16918028004667,74.48567087155963,75.84861330326945,74.26706353749285,77.93961505802433,78.88974912485412,76.29808199541283,76.28559751972944,76.71906124785347,78.09278799886782,83.43841687692776
5tqa,77.57131013615734,74.59869836552748,72.74520583941606,71.55026994956987,75.83709677419355,76.50676550680787,74.05426448736998,72.27676496350365,72.13291901512905,75.65557478005866,82.35753957928051
4evn,80.5303007751938,79.27395433789954,79.3100956651719,78.63574293527803,80.94067267267268,80.54514108527133,76.8831902587519,76.18200298953661,76.44525372227287,79.61609909909909,84.76417466969014
3fzu,83.54431650246306,81.72669286577994,79.562648456057,80.4748611949306,81.68187294959738,82.34233990147784,80.96035973397824,80.73831650831355,81.19131261315631,82.01541604533254,87.04484529733008
6y1k,81.26172392448159,77.69980856882407,77.16857057594748,77.72277221716712,78.27197841726618,80.40513463324048,78.86319963536918,77.61085944494181,78.49778586593874,79.79342026378896,84.42139254454032
5tgb,81.6667144638404,79.28806609547124,76.33608774038461,79.07449908368967,80.80880772713553,78.68865336658355,75.77501835985312,74.66895733173077,75.41927611484422,77.43665258074253,84.08168329177057
5w6c,80.55350904076003,75.68363827866386,76.75668046112918,75.95520877140282,80.09584026128266,80.55432730615998,77.80391513692447,76.86833284067396,76.91626914989487,78.81791567695961,83.99622134890879
6n7u,81.75779666351904,78.19030583873958,76.06159842280861,78.2118778908418,80.20886045094454,80.7786685552408,78.17548347235093,78.50966333030028,78.6099753314832,78.16449725776965,85.43525750175208
6mtr,80.2022891566265,76.15047619047618,74.50545725350015,73.57659400544959,79.41414422501497,80.87984244670992,76.45196542311191,76.41506702412869,76.72677263094157,79.59967684021544,83.61563510572674
3qny,79.92257248611969,76.43011205330103,71.89657941701368,74.18932587666264,79.48662085449655,81.71768044417026,77.68728043609933,77.93791493158835,77.6947430471584,78.8299492082462,84.42892138575247
5i1i,83.47362407862408,80.99609770808203,78.21165284360188,79.02223660445514,82.30067539422791,83.7156296068796,80.54783172496984,79.64600710900473,80.93548163756775,81.22255281166319,86.81043238397913
2fjf,83.35195076923078,79.55138066465257,80.09144213649853,79.46476477683956,80.35502831594634,84.2134123076923,81.32983987915408,80.41085756676557,79.8938630880579,82.51054843517137,87.10208773059966
6dl8,75.88420197515133,69.34036261331666,69.16075483277079,69.16352574102964,74.55125770653514,75.58723160242116,74.43666770865896,72.97435716477447,73.85376599063963,75.87265413070284,81.6909849540631
5ewi,79.89559052757794,76.90699057714959,77.05683738425925,74.43109347442682,78.08651264167392,79.74547961630697,76.81988810365135,77.74465277777779,78.17569077013522,78.62177564661437,83.68980920502844
6v4r,83.76371586376189,79.27777643868635,80.05751701686889,79.35824060150377,82.952853745541,81.77735501687633,79.40595058752636,79.91479135839006,80.0749894736842,81.03232758620689,86.4352180332734
7rqp,82.80877338239804,79.5451068955134,78.04862762496303,80.03909227532313,80.96651812240047,81.61538485127261,78.66161397169527,78.6640313516711,79.17324015629697,80.73776292335116,85.20548099233056
4qhn,80.62741614906832,77.95705487804878,78.18148203592816,78.69291539866099,78.47988872180451,81.23938198757764,78.14803963414634,76.38838922155689,78.12199634814364,79.77804511278195,84.40868547705858
6pzh,79.38098833640271,77.80878239903556,77.20021018354056,78.06579121540312,77.11788878977104,79.89192756292205,77.3054189270645,77.50250740082889,77.3592689530686,78.76658043413619,83.1111760558625
6xja,70.59751623376623,69.82408598726114,70.44864374999999,68.29684361093452,70.98780847723704,69.77666558441558,69.6819076433121,71.784084375,67.45184361093452,70.96552904238618,76.63538689719468
1ad0,82.31970054446462,78.01626856803328,79.59655866900175,77.85624555160143,81.94187335092347,82.32206594071386,80.37761140819964,80.86042323409224,80.02985172004746,81.13776605101143,86.1852880873245
4xce,79.09513727882856,75.1466776512882,75.56670982931136,75.1740101674641,76.24714159030447,78.49626601586333,75.28364589574595,76.10312831077104,74.94861842105263,77.5139048182087,83.31364314340865
7vmz,83.55444410413476,80.20428571428572,79.45243131462334,80.30725007505254,82.35176261127596,82.12250535987751,80.08741654135338,80.19859970457902,78.78745722005404,80.97791097922848,86.29817923830139
6mef,80.15712158054711,75.73982985074628,74.98068035190616,75.02229439809297,77.94175257731959,78.9612188449848,76.64630447761193,78.45448093841642,77.16474672228844,77.81879234167896,84.2498687439935
5tdp,83.38933703361086,81.58821677263094,79.74802259887005,81.71207011181626,82.82341397849461,82.59927844588344,79.91274901604602,80.36479036574488,80.12962828649138,82.08782855436083,86.74082691473822
2zkh,80.76879875195007,75.55789280245023,75.11432180451129,70.97403546316112,77.18404531722055,83.44281123244929,77.59812251148546,78.00881503759399,77.61142158361358,80.1858580060423,86.0704440777304
5ud9,75.3676585963837,74.81096900391213,73.37295595625184,70.72180534695104,71.30660629453682,75.62150475022985,73.8166476075835,74.67655926692285,73.92882547311505,73.13585213776723,80.34686366274468
5n4j,80.51235143769968,77.07924764890282,77.64468615384615,77.42525031289111,77.59202782071097,81.47576996805111,77.8644012539185,78.71980307692307,77.92870150187734,79.90016692426583,84.81188863520279
6gc2,81.8687592364532,80.0315114873035,77.32876781472685,79.11485214242607,79.62268416343572,81.41476908866997,77.81289903264812,77.88343824228028,78.20820458660229,79.95155383238891,85.16331740433785
3g6a,82.04943722943723,80.03982695810565,77.67020572450805,79.48339999999999,80.64600479185385,82.19089672232529,79.1188494231937,77.08533989266547,78.65703333333333,79.90677148846959,84.33888299069628
4d9l,81.15789522342065,78.73062934947049,77.35195245170877,78.64903352461492,79.06629552238807,81.19832665639446,77.22889863842661,76.97979494799405,77.020501359106,78.85306268656717,85.3554444655978
4py7,81.99081977279704,78.02408200180886,78.3924400355345,78.9576888353897,80.87209101725163,80.88802272029474,78.69170033162496,78.97763103346165,78.77854047547397,81.26136823319453,85.06346923906568
6nb8,80.81144683323649,77.6486379211879,77.91807411566535,77.46708950969213,79.4269974626445,80.32235037768739,79.91750142775555,79.28744806288603,80.66161630558723,80.47382012968707,84.61304927936206
6ztf,81.88289370671484,78.0226264418811,76.90485033420518,77.7229731325657,79.99951546993577,82.35566997892202,78.61034309375924,78.51854112176693,77.88731620903454,79.86684179801517,86.04767689830443
5vr9,82.04425976385104,80.55151650312222,78.37601226993864,78.64660730186999,81.3025234741784,81.08244928852557,79.02154623847754,79.80059304703477,77.46993469872366,80.43935152582159,85.45864912836697
4hk0,80.50262300219367,77.74163334358659,76.72405919661733,77.73964077371815,78.66915655339805,82.21733312441242,78.62937557674562,78.21752340682573,79.55495241019344,80.7843052184466,84.89864111555764
5adp,81.71613558263043,79.0121343146274,78.77940078289672,78.93565350474441,79.32058378705383,81.62050921587004,79.95021465808036,79.32858777476663,79.59873890419344,79.94927102238356,85.15252075294967
3gje,81.56905900621118,78.01333841463413,77.42036826347305,78.38948569689592,80.11712481203007,81.36101863354038,77.74133536585366,77.96351497005988,77.38243457090688,79.61173533834587,85.0320736882716
7wpv,81.71656495468277,78.53871216617209,76.9365364431487,78.41640995260663,80.96446852122988,82.3768912386707,77.41556973293768,78.20110787172013,77.18938981042655,79.2307027818448,87.0172050207718
7ven,83.19974159402241,80.84654951100245,78.51179771908764,78.66187919463087,79.88610491407897,82.70921232876712,79.54999388753056,79.50903361344537,79.14369737644905,81.0753331323485,86.84893703241895
5uby,81.5091390325525,73.82937556020316,73.68810390372762,71.73640918580375,77.41661261792451,80.77351080012168,76.44685688676427,75.15298209568536,73.88827915299733,76.45728183962265,84.47508919824296
6wgb,80.67300292492688,78.39141855275741,76.0084985924304,72.28646834234807,79.53494971715902,80.77234644133897,76.31118903410902,77.9819893650297,77.00660515431117,78.51307039597737,83.91008574794294
7lsb,81.50053756680289,79.71000000000001,78.6339048773099,79.38495842315984,79.84349360925135,82.24396730587866,78.71813329219376,77.58541654044228,78.50046196489068,81.26622945830796,86.07810144497815
5tpl,76.13204,71.29261329305136,73.4633353115727,70.332294933655,75.31963040238449,76.92194461538462,74.01287311178248,73.96320474777448,70.4881785283474,74.77370491803279,81.82181933687758
6btj,80.78766432283705,77.49584809366556,77.66040401061632,78.23004495055439,80.58859300947866,80.14304188321614,77.6712338637046,79.38203479799469,78.13181899910099,80.18390995260664,84.94155842053513
3w9d,80.34360414052696,77.1372998768473,76.75668984280532,75.69940995697603,80.32373823261464,80.03322145545796,77.90710591133004,77.80238814993955,77.73438844499078,78.34023382933493,84.37162656165128
4ub0,83.28392824287029,78.96861487503764,79.7597781721384,79.01431018935979,81.88764705882353,82.91157007053052,80.47690454682325,80.65444838805087,80.3986865043583,82.12664884135472,86.36924966179969
6ell,83.32230861965039,78.2796062759029,79.34889761489238,78.24189420803782,81.55927256792287,82.20314647377938,79.06629958555357,80.45737056428156,79.74764479905437,81.77139643587496,86.12626465882875
6ugu,79.99982758620689,78.91344325609032,75.94944249854058,74.54724792408066,78.2255057167986,81.50818814277073,78.73274806892454,78.86142440163455,79.003081257414,78.87103488712987,84.79274395374311
4ocr,80.79761732851986,77.5875265957447,76.49896631823461,78.53195280235987,78.25831729367162,80.62286101083033,76.07342198581561,76.8109756097561,76.73427433628319,77.90106736657918,83.36363658027028
1opg,78.73081481481482,75.43268413391557,75.13620886981403,75.40442603894216,77.29532471264369,78.21473777777777,76.98801164483261,76.7071244635193,77.92231618715489,78.50818103448275,82.8640651196958
5f6h,81.09086776859505,77.90450717404865,77.64214329454991,77.36292341220422,80.16217471547216,81.25072472981564,78.26779164067374,77.97592161665646,77.32824408468244,79.00451245770532,85.05367374899367
4x0k,78.68555394851026,77.07908160363947,78.00663125524183,77.40473743968208,77.98023301516001,72.73845530807058,74.46557293147569,74.71133072407046,68.72764689185354,74.89203537338574,79.65035073507752
7n3g,82.90787234042553,81.00697244928854,78.98081772227178,80.52037171350861,81.17819593787335,82.08220166512488,80.05707538601273,80.01049063336308,78.72796010879419,80.92284647550777,86.57509692940249
4eow,80.504416918429,76.64505637982195,75.61857434402333,76.4736018957346,79.01390043923864,81.01383685800606,76.53159050445103,77.12495918367347,76.10204087677725,80.09810248901904,83.98370381212035
3hi5,83.00085906450629,81.34086160312219,78.85930698908875,80.01628408750375,81.52484300947867,83.37114338122899,79.84644551185829,80.15384547331169,79.62345819598441,82.5636048578199,86.76169021474108
6nb5,81.31335,78.90738343558283,76.04099397590363,77.53234537660748,79.79854765506808,80.68426875,77.79164417177914,75.30985240963857,76.6573790569504,79.76360363086233,84.70995743189103
7rpt,83.18827035330263,80.74209954751132,78.59931851851852,77.48131887985546,81.04593452380952,81.7347342549923,79.36898039215686,80.45865481481482,79.28149653718759,80.8622589285714,86.33596666646511
5jof,79.86861017982324,75.82542951212213,74.98617465451338,75.83938751120407,77.75958653278204,78.37697653154527,75.57131397785095,75.72193472508086,76.16345085150881,77.84761075014767,83.38128121506469
7wc0,78.29752926289149,76.57999379074822,75.91677232551051,75.43780601177563,75.8673576240049,78.30465991774756,74.68382179447376,75.27154830844255,74.7034397273009,76.70099510104103,82.67229532781818
2a9m,79.63769535673838,81.02901971522454,78.38963414634146,81.5673307860262,80.21692677712453,80.76991506228767,77.76701533406353,77.66818133616118,76.44737991266376,80.07898984500268,84.68061888428355
7o4y,83.36342710223835,79.24057040998218,80.35076765907763,79.2209015421115,80.46940486660803,82.18836660617059,80.27546939988116,80.97302977232924,80.86879893238435,81.9703136909997,87.1210514931928
4jha,83.02767110841914,80.11602914931588,79.50832554061952,77.46801365795723,81.19031405928969,81.38000000000001,79.34711778703154,79.55922852133256,78.91736045130642,81.42385970061636,86.30625007477676
7t99,83.89273225708195,82.10900688004787,80.01729944166911,82.0654702896387,82.34498524203067,84.04383186110266,81.19809751720011,80.70661475168968,81.02702000597193,83.0083766233766,87.4355217527332
4xml,80.88935199269852,77.99134149985062,78.10214558262402,77.66338801073665,79.33121757075472,81.7820657134165,78.27239916342994,78.54117111828589,76.98541604533253,80.45190742924528,84.03041105975531
1rz8,81.40656938653962,76.39465476887068,77.09783783783784,76.3683089953271,79.58048224083164,79.84364800476473,76.73620245757752,77.99096607245544,76.972511682243,78.61377995957262,83.81495639031468
2fgw,83.31296643483519,81.78028512028511,80.25363583309017,79.2166320782686,81.5230246189918,83.60917145449048,81.88623106623106,82.23018675226146,82.19627038244886,82.53055978898007,87.17432474153654
3u46,80.52807293210792,75.41056510340809,76.06976524477525,75.47277697004944,78.60384416331225,78.80210495108213,76.1257005534518,76.01470655596908,75.62656876999128,77.02372627947096,83.07069182592318
5esa,80.39490530891027,77.49138677232551,75.86093983837175,77.38878308487983,79.3971106434155,78.28413225706302,74.78812252362086,75.65440586650703,72.95489199878308,78.16309380637402,83.8970259492929
6amm,81.44300714507611,76.96251296126867,77.89545971847859,76.70211872146119,80.24734055354995,80.9094035414725,79.2173132052455,79.13698113207548,79.43041095890412,79.97361311672685,84.53400556914639
6xul,80.1085166163142,76.45853709198813,75.31894752186588,76.40287914691943,78.82553733528552,78.61036253776435,76.43107418397626,75.87321574344024,76.67223341232229,78.60509516837483,83.08657201085369
2g75,80.8931484962406,79.13629151291514,77.28447765700483,78.84140270104359,80.01001213224143,81.07073621553884,78.65190036900368,77.48037741545895,78.54686617556783,81.03481649984836,84.87566875
5w1g,81.59201302545885,77.97702152414195,78.42509433962263,77.54541521486644,80.03258685041631,80.6143102427472,77.87058755090167,79.32616352201258,77.76971835075494,80.23482917025552,84.70967647141313
7mf9,75.69673288508558,73.75086734693878,74.31434846698114,73.45319352905932,75.92018063369855,79.5944315403423,76.00986494597839,75.20259433962264,74.99183942480528,78.23955285756588,83.24455746190776
5dr5,81.73577877429,80.21807929515418,79.14131890331892,80.45892113749633,79.46390144927537,81.63807174887891,78.92967107195302,78.97511399711401,78.40635297566696,80.4820115942029,85.33398718246661
1bey,80.67376307692307,76.39299093655589,74.94667359050446,76.45473160434258,80.49117436661699,81.099,77.12612688821751,74.46229673590504,76.29761761158022,80.61560357675113,83.06091080621655
1mim,82.3825332508506,78.51743091406011,77.62107068297047,78.09939678690513,80.54780107849011,81.54269409217446,78.82261767385363,78.78849090366833,78.86738708699605,80.09588376273217,85.60946027732999
